{"cameraMode":{"drawMode":0,"name":"Shaded","section":"Shading Mode"},"sceneLighting":false,"audioPlay":false,"sceneViewState":{"m_AlwaysRefresh":false,"showFog":true,"showSkybox":false,"showFlares":true,"showImageEffects":true,"showParticleSystems":true,"showVisualEffectGraphs":true,"m_FxEnabled":true},"in2DMode":false,"pivot":{"x":-0.9967093467712402,"y":-0.08726824820041657,"z":-0.00004141777753829956},"rotation":{"x":-0.04206043854355812,"y":0.7150827646255493,"z":-0.043170906603336337,"w":-0.6964495182037354},"size":0.5910022258758545,"orthographic":false}