{"cameraMode":{"drawMode":0,"name":"Shaded","section":"Shading Mode"},"sceneLighting":false,"audioPlay":false,"sceneViewState":{"m_AlwaysRefresh":false,"showFog":true,"showSkybox":false,"showFlares":true,"showImageEffects":true,"showParticleSystems":true,"showVisualEffectGraphs":true,"m_FxEnabled":true},"in2DMode":false,"pivot":{"x":1.142724633216858,"y":0.29026541113853457,"z":0.4740530848503113},"rotation":{"x":0.05051229149103165,"y":0.5746515393257141,"z":-0.035544998943805698,"w":0.8160686492919922},"size":1.1140832901000977,"orthographic":false}