{"cameraMode":{"drawMode":0,"name":"Shaded","section":"Shading Mode"},"sceneLighting":false,"audioPlay":false,"sceneViewState":{"m_AlwaysRefresh":false,"showFog":true,"showSkybox":false,"showFlares":true,"showImageEffects":true,"showParticleSystems":true,"showVisualEffectGraphs":true,"m_FxEnabled":true},"in2DMode":false,"pivot":{"x":-0.26720359921455386,"y":0.2307303100824356,"z":0.13554151356220246},"rotation":{"x":0.044765111058950427,"y":0.6980648040771484,"z":0.04383120313286781,"w":-0.7133095264434815},"size":0.3645399510860443,"orthographic":false}