{"cameraMode":{"drawMode":0,"name":"Shaded","section":"Shading Mode"},"sceneLighting":false,"audioPlay":false,"sceneViewState":{"m_AlwaysRefresh":false,"showFog":true,"showSkybox":false,"showFlares":true,"showImageEffects":true,"showParticleSystems":true,"showVisualEffectGraphs":true,"m_FxEnabled":true},"in2DMode":false,"pivot":{"x":-0.004203677177429199,"y":0.1773010492324829,"z":-1.0083811283111573},"rotation":{"x":-0.015004201792180539,"y":0.9775664210319519,"z":-0.19644160568714143,"w":-0.07463173568248749},"size":1.480475664138794,"orthographic":false}