{"cameraMode":{"drawMode":0,"name":"Shaded","section":"Shading Mode"},"sceneLighting":false,"audioPlay":false,"sceneViewState":{"m_AlwaysRefresh":false,"showFog":true,"showSkybox":false,"showFlares":true,"showImageEffects":true,"showParticleSystems":true,"showVisualEffectGraphs":true,"m_FxEnabled":true},"in2DMode":false,"pivot":{"x":-2.4940359592437746,"y":-0.19429340958595277,"z":-0.060966432094573978},"rotation":{"x":-0.03222838044166565,"y":0.7235302329063416,"z":-0.033911190927028659,"w":-0.6887146830558777},"size":1.348046064376831,"orthographic":false}