{"cameraMode":{"drawMode":0,"name":"Shaded","section":"Shading Mode"},"sceneLighting":false,"audioPlay":false,"sceneViewState":{"m_AlwaysRefresh":false,"showFog":true,"showSkybox":false,"showFlares":true,"showImageEffects":true,"showParticleSystems":true,"showVisualEffectGraphs":true,"m_FxEnabled":true},"in2DMode":false,"pivot":{"x":-0.48584306240081789,"y":-0.979667067527771,"z":-1.6369562149047852},"rotation":{"x":-0.052877508103847507,"y":0.9398738741874695,"z":-0.2910543382167816,"w":-0.17073379456996919},"size":1.927964448928833,"orthographic":false}