{"cameraMode":{"drawMode":0,"name":"Shaded","section":"Shading Mode"},"sceneLighting":false,"audioPlay":false,"sceneViewState":{"m_AlwaysRefresh":false,"showFog":true,"showSkybox":false,"showFlares":true,"showImageEffects":true,"showParticleSystems":true,"showVisualEffectGraphs":true,"m_FxEnabled":true},"in2DMode":false,"pivot":{"x":-0.10485198348760605,"y":-0.03974318504333496,"z":-0.15547680854797364},"rotation":{"x":-0.6553974747657776,"y":-0.058270037174224856,"z":0.05083143338561058,"w":-0.751329779624939},"size":1.8534724712371827,"orthographic":false}