{"cameraMode":{"drawMode":0,"name":"Shaded","section":"Shading Mode"},"sceneLighting":false,"audioPlay":false,"sceneViewState":{"m_AlwaysRefresh":false,"showFog":true,"showSkybox":false,"showFlares":true,"showImageEffects":true,"showParticleSystems":true,"showVisualEffectGraphs":true,"m_FxEnabled":true},"in2DMode":false,"pivot":{"x":-0.7296839952468872,"y":0.5899609327316284,"z":0.27640724182128909},"rotation":{"x":-0.08581479638814926,"y":0.908600926399231,"z":-0.23133297264575959,"w":-0.33702602982521059},"size":1.4138542413711548,"orthographic":false}