{"cameraMode":{"drawMode":0,"name":"Shaded","section":"Shading Mode"},"sceneLighting":false,"audioPlay":false,"sceneViewState":{"m_AlwaysRefresh":false,"showFog":true,"showSkybox":false,"showFlares":true,"showImageEffects":true,"showParticleSystems":true,"showVisualEffectGraphs":true,"m_FxEnabled":true},"in2DMode":false,"pivot":{"x":-0.2680177688598633,"y":-0.09133529663085938,"z":0.14839133620262147},"rotation":{"x":-0.12864933907985688,"y":0.6391692161560059,"z":-0.10958431661128998,"w":-0.7502810955047607},"size":0.38094428181648257,"orthographic":false}