{"cameraMode":{"drawMode":0,"name":"Shaded","section":"Shading Mode"},"sceneLighting":false,"audioPlay":false,"sceneViewState":{"m_AlwaysRefresh":false,"showFog":true,"showSkybox":false,"showFlares":true,"showImageEffects":true,"showParticleSystems":true,"showVisualEffectGraphs":true,"m_FxEnabled":true},"in2DMode":false,"pivot":{"x":-0.0010210275650024415,"y":0.5467450618743897,"z":0.06976985931396485},"rotation":{"x":-0.3268759548664093,"y":-0.15581078827381135,"z":0.05473339557647705,"w":-0.9305455088615418},"size":1.3834774494171143,"orthographic":false}