{"cameraMode":{"drawMode":0,"name":"Shaded","section":"Shading Mode"},"sceneLighting":false,"audioPlay":false,"sceneViewState":{"m_AlwaysRefresh":false,"showFog":true,"showSkybox":false,"showFlares":true,"showImageEffects":true,"showParticleSystems":true,"showVisualEffectGraphs":true,"m_FxEnabled":true},"in2DMode":false,"pivot":{"x":-0.10023947060108185,"y":-0.04094937443733215,"z":-0.11302207410335541},"rotation":{"x":0.06019997596740723,"y":-0.9377515316009522,"z":0.207542285323143,"w":0.27198079228401186},"size":0.16529057919979096,"orthographic":false}